conversation_id_str,created_at,favorite_count,full_text,id_str,image_url,in_reply_to_screen_name,lang,location,quote_count,reply_count,retweet_count,tweet_url,user_id_str,username
1.99E+18,Tue Nov 25 13:53:24 +0000 2025,0,@FordAltforyaboi making a woman be almost naked in anime: showing a fucking FINGER: ,1.99E+18,,FordAltforyaboi,en,,0,0,0,https://x.com/undefined/status/1993317097368383800,1.73E+18,
1.99E+18,Tue Nov 25 13:53:23 +0000 2025,0,moms! wts doll anime &amp; webtoon dan doll clothes https://t.co/taQxetloLt https://t.co/DGTnO9p96j,1.99E+18,,,en,,0,0,0,https://x.com/undefined/status/1993317091932619107,1.29E+18,
1.99E+18,Tue Nov 25 13:53:21 +0000 2025,0,You're supposed to watch it as a child that only watched shonen anime and wanted to watch romance,1.99E+18,,,en,,0,0,0,https://x.com/undefined/status/1993317083703058940,1.65E+18,
1.99E+18,Tue Nov 25 13:53:19 +0000 2025,0,brave shine still top 5 anime openings to me,1.99E+18,,,en,,0,0,0,https://x.com/undefined/status/1993317076451123382,8.28E+17,
1.99E+18,Tue Nov 25 13:53:19 +0000 2025,0,@JuniorReyes17 @PercocetPiplup @godscryinvessel stick to anime girls,1.99E+18,,JuniorReyes17,en,,0,0,0,https://x.com/undefined/status/1993317074882773211,8.49E+17,
1.99E+18,Tue Nov 25 13:53:18 +0000 2025,0,@Niono_beater I hope that at the end of the original movie we'll get a teaser for Unital Ring as an anime something like the ending of Ordinal Scale with Alicization.,1.99E+18,,Niono_beater,en,,0,0,0,https://x.com/undefined/status/1993317070776189241,1.71E+18,
1.99E+18,Tue Nov 25 13:53:07 +0000 2025,0,@XRPMainstream @oelma__ My friend named her daughter Zephaniah because she loved the anime.,1.99E+18,,XRPMainstream,en,,0,0,0,https://x.com/undefined/status/1993317025158939131,59294585,
1.99E+18,Tue Nov 25 13:53:06 +0000 2025,0,@3rdlegy Does this phenomena have a name? Its crazy how these stories become much more bearable once you switch from weekly shonen jump to the final release/anime. Like weekly reader syndrome?,1.99E+18,,3rdlegy,en,,0,0,0,https://x.com/undefined/status/1993317021518647695,2176109955,
1.99E+18,Tue Nov 25 13:52:49 +0000 2025,0,@anxientdesu On one hand it's convenient and you never hear from them anymore. On the other hand i like seeing them getting blasted by the anime community too. Is muting better in this case?,1.99E+18,,anxientdesu,en,,0,0,0,https://x.com/undefined/status/1993316949351452993,1.10E+18,
1.99E+18,Tue Nov 25 13:52:52 +0000 2025,0,@m3lvnn They regular human in manga but in anime they kishin eggs people who eats humans souls. But in manga only demon wepon can eat souls. https://t.co/Yd1dzqSs64,1.99E+18,https://pbs.twimg.com/media/G6mu1V4XwAAqBbV.jpg,m3lvnn,en,,0,0,0,https://x.com/undefined/status/1993316961602638268,7.53E+17,
1.99E+18,Tue Nov 25 13:52:46 +0000 2025,0,I forgot Persia isn't in the anime and I tried to research gifs of him https://t.co/g2u8kyfd3d,1.99E+18,https://pbs.twimg.com/tweet_video_thumb/G6mvLvKXsAA30cA.jpg,,en,,0,0,0,https://x.com/undefined/status/1993316935610573281,1.85E+18,
1.99E+18,Tue Nov 25 13:52:42 +0000 2025,0,@batboy_0707 @ShitpostRock If that aspect of the anime triggers you you might as well quit watching anime all together tourist. https://t.co/pgpTF2ntde,1.99E+18,https://pbs.twimg.com/media/G6mvK9jW4AA6g6q.jpg,batboy_0707,en,,0,0,0,https://x.com/undefined/status/1993316919555068302,2320335210,
1.99E+18,Tue Nov 25 13:52:39 +0000 2025,0,no like i really despise new age anime watchers,1.99E+18,,,en,,0,0,0,https://x.com/undefined/status/1993316906850513288,2192243703,
1.99E+18,Tue Nov 25 13:52:37 +0000 2025,0,@Tilted_FN Considering that in the Super anime during the entire Tournament of Power the Saiyans broke their limits more than once I wouldn't be surprised to see people believing that Angry Broly can give Vegetto Blue a fight,1.99E+18,,Tilted_FN,en,,0,0,0,https://x.com/undefined/status/1993316899481137246,1.51E+18,
1.99E+18,Tue Nov 25 13:52:37 +0000 2025,0,@brkagurabachi Need kb anime announcement and we back https://t.co/xXShfN8hOs,1.99E+18,https://pbs.twimg.com/tweet_video_thumb/G6mvJe1bgAACdHR.jpg,brkagurabachi,en,,0,0,0,https://x.com/undefined/status/1993316898948497847,1.69E+18,
1.99E+18,Tue Nov 25 13:52:34 +0000 2025,0,@hypareyli2 @grok which anime is this ?,1.99E+18,,hypareyli2,en,,0,0,0,https://x.com/undefined/status/1993316886684352713,9.70E+17,
1.99E+18,Tue Nov 25 13:52:31 +0000 2025,0,I have failed to catch the anime bug i am sorry i tried!,1.99E+18,,,en,,0,0,0,https://x.com/undefined/status/1993316873946140685,350320387,
1.99E+18,Tue Nov 25 13:52:30 +0000 2025,0,@FordAltforyaboi Didn't know he did that in the manga. But honestly I like the anime one better.,1.99E+18,,FordAltforyaboi,en,,0,0,0,https://x.com/undefined/status/1993316868723970321,1.63E+18,
1.99E+18,Tue Nov 25 13:51:41 +0000 2025,0,@kitano_fehn @kyonvtuber @luzbh_20 rukia barley knew her own self learning to deal with human feelings and moving on from her past that she either forgot or cant forget and a solid backstory is well written for me and never as i see rukia as fan service that's people who watch anime porn freaks,1.99E+18,,kitano_fehn,en,,0,0,0,https://x.com/undefined/status/1993316665027969492,1.00E+18,
1.99E+18,Tue Nov 25 13:51:39 +0000 2025,0,@BasedLEDA What's that anime?,1.99E+18,,BasedLEDA,en,,0,0,0,https://x.com/undefined/status/1993316657226563983,1.80E+18,
1.99E+18,Tue Nov 25 13:51:32 +0000 2025,0,I am preparing some heavy stuff. It should be a good thing for Anime GO!,1.99E+18,,,en,,0,0,0,https://x.com/undefined/status/1993316627816104336,1.92E+18,
1.99E+18,Tue Nov 25 13:51:29 +0000 2025,0,When I was feeling down or sad I will listening to my fav opening song from anime Naruto Yura Yura I feel suffocated and burnt out if things so chaos in my life but when I watch this opening I believe my people always be here for me just like everyone be there for Naruto https://t.co/dWFXzirlbv,1.99E+18,https://pbs.twimg.com/ext_tw_video_thumb/1993316533553315840/pu/img/RfWw_PLH6CQ7yp1K.jpg,,en,,0,0,0,https://x.com/undefined/status/1993316614683738493,1.35E+18,
1.99E+18,Tue Nov 25 13:51:28 +0000 2025,0,@Valentine_0815 @onepirateking1 1- Ex arm was a manga but got canceled because the anime reception was horrible. 2- honestly I couldn't handle more than 3 episodes without making into a drinking game. The animation was too horrible. So idk 3- well.... the story in itself is not that bad I guess... its just,1.99E+18,,Valentine_0815,en,,0,0,0,https://x.com/undefined/status/1993316611168579792,900796986,
1.99E+18,Tue Nov 25 13:51:18 +0000 2025,0,@oknikzz Anime,1.99E+18,,oknikzz,en,,0,0,0,https://x.com/undefined/status/1993316569536250209,1.09E+18,
1.99E+18,Tue Nov 25 13:51:18 +0000 2025,26,jaemin must knows a lot of cartoon/anime characters #JAEMIN #Ïû¨ÎØº #„Ç∏„Çß„Éü„É≥ https://t.co/J8C0ZFVoWn,1.99E+18,https://pbs.twimg.com/amplify_video_thumb/1993316492826624002/img/YYXWTWkHme2OYRgw.jpg,,en,,0,0,9,https://x.com/undefined/status/1993316566600130723,1.55E+18,
1.99E+18,Tue Nov 25 13:51:15 +0000 2025,0,J / S - I think I love that your OCs look so diverse (especially considering my pergaulan yg mukanya tipikal anime) and I'm actually curious about them... I especially like reading those little 4-panel comics and honestly if you make more i'm seated,1.99E+18,,_potatocha,en,,0,0,0,https://x.com/undefined/status/1993316556223484400,1.23E+18,
1.99E+18,Tue Nov 25 13:51:10 +0000 2025,1,@unluckyprophet_ Favorite episodes (can have have both anime and LA),1.99E+18,,unluckyprophet_,en,,0,0,0,https://x.com/undefined/status/1993316532387229998,1.38E+18,
1.99E+18,Tue Nov 25 13:50:59 +0000 2025,0,@WeepingAnemone then danganronpa 2 then ultra despair girls then theres an anime.... and then theres v3 which is like. not canon to the rest of the series?,1.99E+18,,DR2_HELL,en,,0,0,0,https://x.com/undefined/status/1993316489991274807,1.91E+18,
1.99E+18,Tue Nov 25 13:50:46 +0000 2025,0,@panadolled The anime character...??,1.99E+18,,panadolled,en,,0,0,0,https://x.com/undefined/status/1993316435389530591,1.91E+18,
1.99E+18,Tue Nov 25 13:50:43 +0000 2025,0,@kigumisty the last time i watch was pokemon and that volleyball anime but movie ver (and ghibli movies if it counts),1.99E+18,,kigumisty,en,,0,0,0,https://x.com/undefined/status/1993316420101476839,4135049474,
1.99E+18,Tue Nov 25 13:50:41 +0000 2025,0,And I just realised that so many new gen are HEAVILY influenced by the big 3 we wouldn t even get some anime s,1.99E+18,,SantanaOffi,en,,0,0,0,https://x.com/undefined/status/1993316412459299077,1.66E+18,
1.99E+18,Tue Nov 25 13:50:40 +0000 2025,0,@RazielAresh @ChaChaChillaTTV Your trash ass phone probably. They were clear to me.,1.99E+18,,RazielAresh,en,,0,0,0,https://x.com/undefined/status/1993316408889934255,1210375549,
1.99E+18,Tue Nov 25 13:50:39 +0000 2025,0,@starryskiesxoxo It's so funny!! I show everyone this anime since it's great no matter how many times you watch it ,1.99E+18,,starryskiesxoxo,en,,0,0,0,https://x.com/undefined/status/1993316403609239610,1.83E+18,
1.99E+18,Tue Nov 25 13:50:35 +0000 2025,0,@ArcRay20 @DatChaosGuy Man i REALLY wish Bandai Namco would use their shonen anime licenses the same way they use their Sci-fi licenses for once. I feel like a crossover RPG featuring Goku Luffy and Naruto would be a lot more interesting than yet another Arena fighter.,1.99E+18,,ArcRay20,en,,0,0,0,https://x.com/undefined/status/1993316386463257029,1.51E+18,
1.99E+18,Tue Nov 25 13:50:33 +0000 2025,0,@IKaggern @tanijrou She literally do that in the anime,1.99E+18,,IKaggern,en,,0,0,0,https://x.com/undefined/status/1993316377671741586,831776815,
1.99E+18,Tue Nov 25 13:50:31 +0000 2025,0,Look at THESE I found two 20+ year old puzzles from the advanced generation era of the anime THEY ARE SO CUTE Ofc ziggy is on both besides peak being on there I love the choice of mons these are the cutest things ever I'll definitely get these framed! https://t.co/aupEnkHubj,1.99E+18,https://pbs.twimg.com/media/G6muq7EWUAA2Oye.jpg,,en,,0,1,0,https://x.com/undefined/status/1993316370885275916,1.45E+18,
1.99E+18,Tue Nov 25 13:50:21 +0000 2025,0,Favourite moment in Evangelion #EVANGELION #Eva #neongenesisevangelion #anime #animefanart #sketch #drawing #animefanart #lenascribbles #kaji #shinjiikarib https://t.co/tqljoq2gwH,1.99E+18,https://pbs.twimg.com/media/G6muG89WQAA5yQK.jpg,,en,,0,0,0,https://x.com/undefined/status/1993316328321450059,125671815,
1.99E+18,Tue Nov 25 13:50:12 +0000 2025,0,for a brief period of time in my teens I was extremely knowledgeable about guitars (not anymore) and the singular contributing factor to that knowledge was my morbid obsession with k-on the anime,1.99E+18,,,en,,0,0,0,https://x.com/undefined/status/1993316291017576885,600656195,
1.99E+18,Tue Nov 25 13:50:10 +0000 2025,0,-rl Hi there i m looking for new friends who likes to interact. I put my interest in cats music and anime. Leave a trace with a question or just hi https://t.co/TmnJDJltIg,1.99E+18,https://pbs.twimg.com/media/G6mul_XXkAA5WOP.jpg,,en,,0,9,0,https://x.com/undefined/status/1993316280867213368,1.25E+18,
1.99E+18,Tue Nov 25 13:50:07 +0000 2025,1,@JohnHinnih @jeleechandayo @taka8rie @yorukura_anime @InfoItomiku @miyju_tomita @uesaka_official @FateGO_USA @FGO_clubchaldea @yanokun3 @stb_anime Oh oh seriously that is obvious + if you look at the cast + but I won't question you + if you say that + you sense something + then you sense something + thanks for telling me + I will research who Himeragi /@FateGO_USA/@FGO_clubchaldea/ guys are like germs to me https://t.co/j5bdDoJDWh,1.99E+18,https://pbs.twimg.com/media/G6mugYvaQAAlzlU.jpg,JohnHinnih,en,,0,0,1,https://x.com/undefined/status/1993316268213256429,1.77E+18,
1.99E+18,Tue Nov 25 13:49:57 +0000 2025,0,@anime_twits no way it got cute,1.99E+18,,anime_twits,en,,0,0,0,https://x.com/undefined/status/1993316230120587594,1.35E+18,
1.99E+18,Tue Nov 25 13:49:55 +0000 2025,0, ever bullied you for liking anime oh my god bruh,1.99E+18,,,en,,0,0,0,https://x.com/undefined/status/1993316217898299857,1.97E+18,
1.99E+18,Tue Nov 25 13:49:52 +0000 2025,0,@saiimu_fun I have so many anime shows in my list after finishing Demon slayer which i will watch the movie on Thursday https://t.co/pdpcrgVmYJ,1.99E+18,https://pbs.twimg.com/media/G6muhWrWYAAhVO7.jpg,saiimu_fun,en,,0,0,0,https://x.com/undefined/status/1993316207349399968,1.29E+18,
1.99E+18,Tue Nov 25 13:49:44 +0000 2025,0,@John_Cyrano @YourBlurry @theonetimfrom91 @M1das_OW2 Valid point on Kusanagi's cyborg shell as a standard model not fixed to ethnicity with Johansson matching the anime design original director Mamoru Oshii agreed. Still sources like TIME and The Guardian cite it as whitewashing due to the manga's Japanese roots and Hollywood's,1.99E+18,,John_Cyrano,en,,0,1,0,https://x.com/undefined/status/1993316171748397351,1.72E+18,
1.99E+18,Tue Nov 25 13:49:36 +0000 2025,0,Another wip awkwk drawing myself so I can be anime.. anyway im looking for new artmoots lets kill the algorithm! #artmoots https://t.co/Xe2SuBZHpf,1.99E+18,https://pbs.twimg.com/media/G6mud0qbwAEggKw.jpg,,en,,0,0,0,https://x.com/undefined/status/1993316141163594019,1.93E+18,
1.99E+18,Tue Nov 25 13:49:30 +0000 2025,0,@KrystalogyTV Peak anime,1.99E+18,,KrystalogyTV,en,,0,0,0,https://x.com/undefined/status/1993316115079217625,1.64E+18,
1.99E+18,Tue Nov 25 13:49:30 +0000 2025,0,Anime themed sports are boring,1.99E+18,,,en,,0,0,0,https://x.com/undefined/status/1993316113829286136,101412861,
1.99E+18,Tue Nov 25 13:49:26 +0000 2025,0,My roman empire is when those three older ladies at a huge family gathering told me i look like an anime drawing honestly that s lowkey a whole next level of compliment ÿ¥ŸÉÿ±ÿß ŸäÿßÿÆÿßŸÑÿ©^^,1.99E+18,,,en,,0,0,0,https://x.com/undefined/status/1993316098536562698,1.90E+18,
1.99E+18,Tue Nov 25 13:49:19 +0000 2025,0,@m3lvnn Demon Wepons in manga eats human souls in anime Kishin eggs. Kishin eggs exist only in anime. https://t.co/kro8fF4F6q,1.99E+18,https://pbs.twimg.com/media/G6muVcCWAAATpoA.jpg,m3lvnn,en,,0,0,0,https://x.com/undefined/status/1993316068325310955,7.53E+17,
1.99E+18,Tue Nov 25 13:49:15 +0000 2025,0,@SethBurn @nuggetpalooza Yes Tank is a classic. Cant think of a more iconic anime intro,1.99E+18,,SethBurn,en,,0,0,0,https://x.com/undefined/status/1993316050641793288,45846360,
1.99E+18,Tue Nov 25 13:55:35 +0000 2025,0,@NoJusticeMTG Taxing top earners more? Politics of envy?,1.99E+18,,NoJusticeMTG,en,,0,0,0,https://x.com/undefined/status/1993317647367520768,9.90E+17,
1.99E+18,Tue Nov 25 13:55:35 +0000 2025,2,@jbm32753 @JimBonz @electroboyusa @PaulDereume @wins_rick @Beleafer1 @DabuzzNYC @mdmynatt @stward01 @plawler610 @NycLadi @IamVyv @PeanutTweezer @JamesFLoveIV @Chris430968 @4thDimension111 Trump Hegseth put on blast after attacking American hero: Small petty insecure loser https://t.co/ELWuDCy1UQ,1.99E+18,,jbm32753,en,,0,0,0,https://x.com/undefined/status/1993317646243119467,1.17E+18,
1.99E+18,Tue Nov 25 13:55:34 +0000 2025,0, Since my days as a student I have been involved in politics and have continuously fought to uphold democracy. HE Atiku Abubakar GCON https://t.co/EijuewjVq7,1.99E+18,https://pbs.twimg.com/amplify_video_thumb/1993317469969113088/img/Cm9jqq6YDmbzMkI1.jpg,,en,,0,0,0,https://x.com/undefined/status/1993317640643715118,1.58E+18,
1.99E+18,Tue Nov 25 13:55:29 +0000 2025,0,Deep-pocketed conservative group once at odds with Trump now all-in to 'help him win' https://t.co/yAy9E2TvPc #FoxNews,1.99E+18,,,en,,0,0,0,https://x.com/undefined/status/1993317620599185505,1.95E+18,
1.99E+18,Tue Nov 25 13:55:27 +0000 2025,0,The move comes after a judge set a trial date for next August yesterday. At this point at given that it could drag out a full year we might as well go ahead and call for a meeting and vote on it vice chair Roberto Alonso said. https://t.co/HktVUaSV2N,1.99E+18,,claireheddles,en,,0,0,0,https://x.com/undefined/status/1993317610675704213,2934737651,
1.99E+18,Tue Nov 25 13:55:26 +0000 2025,0,@Lancegooden It's not a question of activist judges. Pam Bondi is loyal to Trump but she's just not up to the job of AG. The indictment was dismissed because of her incompetence. https://t.co/iQCuQVgj3g,1.99E+18,,Lancegooden,en,,0,0,0,https://x.com/undefined/status/1993317608687317053,17844652,
1.99E+18,Tue Nov 25 13:55:26 +0000 2025,0,@leftsidehist @Megatron_ron Man it really depends on how dire situations are for the people - taking politics completely out of it. By any means necessary to answer your question directly,1.99E+18,,leftsidehist,en,,0,0,0,https://x.com/undefined/status/1993317606850212131,8.17E+17,
1.99E+18,Tue Nov 25 13:55:25 +0000 2025,0,$300 million is Chump Change for these Mega Corps give them a little plaque by the entrance and be done with it ! Dems move to set limits on Trump s donor-funded White House ballroom claiming bribery in plain sight https://t.co/cd9brVTdhY #FoxNews,1.99E+18,,,en,,0,0,0,https://x.com/undefined/status/1993317603620925914,1.85E+18,
1.99E+18,Tue Nov 25 13:55:23 +0000 2025,0,@silentrob73 @Thefatgirl5 @tlloydjones If you are going to constantly criticise Labour don t be a coward and not even furnish us with who you vote for. If u don t vote u have no right to comment on politics. Part of Remembrance Day is remembering they died for the vote. If u r too ignorant to vote it says a lot 4 u.,1.99E+18,,silentrob73,en,,0,0,0,https://x.com/undefined/status/1993317596217720932,728961554,
1.99E+18,Tue Nov 25 13:55:22 +0000 2025,0,Reminds me of RFK Jr. defending TikTok because at least it s not full of CIA spies like Facebook. That touched on one of the foundational divides in our politics today (as well as the divide between the pathologically paranoid and the rest of us). Your answer to this question,1.99E+18,,,en,,0,0,0,https://x.com/undefined/status/1993317590492500330,168531961,
1.99E+18,Tue Nov 25 13:55:20 +0000 2025,0,@Bayo_Bilisi You are living up to the Bilisi in your name. This politics and tribal thing wouldn't be the end of some of you,1.99E+18,,Bayo_Bilisi,en,,0,0,0,https://x.com/undefined/status/1993317581508284553,40635631,
1.99E+18,Tue Nov 25 13:55:20 +0000 2025,0,Philippine military says no junta in its ranks warns against destabilisation | South China Morning Post https://t.co/H5gZSlmwIL,1.99E+18,,,en,,0,0,0,https://x.com/undefined/status/1993317581298581735,325493263,
1.99E+18,Tue Nov 25 13:55:18 +0000 2025,0,@claude_bone @John_A_Ridge No it s a byproduct of the U.S. politics not favoring people who are competent in foreign policy. Both parties have this problem.,1.99E+18,,claude_bone,en,,0,0,0,https://x.com/undefined/status/1993317575778816417,1.25E+18,
1.99E+18,Tue Nov 25 13:55:16 +0000 2025,0,@MumbaichaDon Politics: not a game and if it was it s for grown ups Fucking halfwits! ,1.99E+18,,MumbaichaDon,en,,0,0,0,https://x.com/undefined/status/1993317567554044115,1.87E+18,
1.99E+18,Tue Nov 25 13:55:15 +0000 2025,0,@Am3ricanIce It s the vinyls her new social network her silence on actual politics her shift into a traditional political position. It s more things that are damaging it and to deny it is to be blind,1.99E+18,,Am3ricanIce,en,,0,0,0,https://x.com/undefined/status/1993317560121536535,1.28E+18,
1.99E+18,Tue Nov 25 13:55:13 +0000 2025,0,@Adesuwa_G This goes to show they are more interested in politics. We need ambassadors to at least the G 20 countries first before then can come up with the other countries,1.99E+18,,Adesuwa_G,en,,0,0,0,https://x.com/undefined/status/1993317552731439203,608221886,
1.99332E+18,Tue Nov 25 13:54:20 +0000 2025,0,Fully expect to see migrants shopping like fuck this Christmas as we tighten our belts with the rising bills and taxes. Windfalls of ¬£1000s for kids not of this nation and people that never gave a fucking penny towards our people. Fuck you @UKLabour https://t.co/G16FL8M06c,1.99332E+18,,,en,,0,0,0,https://x.com/undefined/status/1993317332303986881,1.60079E+18,
1.99E+18,Tue Nov 25 13:55:08 +0000 2025,0,University of Minnesota site warns of a 'whiteness pandemic ' urges White parents to 're-educate' https://t.co/QjFKd8hY3x #FoxNews Wow Minnesota is even more bonkers than I thought possible. Look what they are selling to young white students. They are careful to say in a,1.99E+18,,,en,,0,0,0,https://x.com/undefined/status/1993317533147893810,1.82E+18,
1.99E+18,Tue Nov 25 13:55:08 +0000 2025,0,I wonder how guys falls for these fake girl accounts who are peddling anti-India agenda. The moment a girl seems to divert from thirst traps movies songs relationship advice and appears to know a lot of world politics that should be enough a hint.,1.99E+18,,,en,,0,0,0,https://x.com/undefined/status/1993317532007383347,1.52E+18,
1.99E+18,Tue Nov 25 13:55:08 +0000 2025,0,keeping up with politics is so hard bc on one hand I think it's important to be up to date on things going on around you. on the other hand you get at least 2 clips per day of chuds saying the stupidest shit known to man,1.99E+18,,,en,,0,0,0,https://x.com/undefined/status/1993317531780628570,1.79E+18,
1.99E+18,Tue Nov 25 13:55:06 +0000 2025,0,@LaydyDragonfly I think politics today is based more on playing into voters feelings than achieving results. For the GOP it's making sure all the right people are hating by their voters. For the DNC it's making sure no one gets offended except the people who aren't going to vote Republican.,1.99E+18,,LaydyDragonfly,en,,0,0,0,https://x.com/undefined/status/1993317522284642637,243174343,
1.99E+18,Tue Nov 25 13:55:05 +0000 2025,0,@LailaGoodridge Honestly kinda refreshing to see something in politics that isn t influencer-rage marketing national-slogan cosplay or Christian-nation rally speeches. Actual policy beats the TikTok sermon circuits. More of this less of the culture-war open mic nights.,1.99E+18,,LailaGoodridge,en,,0,0,0,https://x.com/undefined/status/1993317518950211748,1.81E+18,
1.99E+18,Tue Nov 25 13:55:04 +0000 2025,0,Even more Curious! is that the people who scream about foreign interests buying off politicians when they theorize that it involves Jews are completely uninterested in Qatar spending billions of dollars openly to buy massive influence in American politics and culture.,1.99E+18,,sunnyright,en,,0,0,0,https://x.com/undefined/status/1993317517540930022,301108020,
1.99E+18,Tue Nov 25 13:55:04 +0000 2025,0,The Rote Zora also stood defiantly against broader sexist stigmas within leftist movements: the idea that women should focus on women s issues while men handled real politics. https://t.co/Ndb4PC9Zt9,1.99E+18,https://pbs.twimg.com/media/G6mviaPWMAEl5-3.jpg,hussedogru,en,,0,1,0,https://x.com/undefined/status/1993317517356339231,2746836785,
1.99E+18,Tue Nov 25 13:55:04 +0000 2025,2,If everybody in Michigan politics left and right can agree on throwing Shri Thanedar out of the club we can do some good in 2026 Who's in?,1.99E+18,,,en,,0,0,0,https://x.com/undefined/status/1993317517075579363,1.18E+18,
1.99E+18,Tue Nov 25 13:55:02 +0000 2025,0,@alexottiofr has removed the seal. Good. But it doesn t erase the embarrassment. Everyone already saw your pettiness. A whole governor flexing power over what? Politics? This kind of politics shouldn t still be happening in 2025. https://t.co/hkRN9UitZC,1.99E+18,https://pbs.twimg.com/amplify_video_thumb/1993314761325391872/img/X-NA0cxsV5fqLyoz.jpg,alexottiofr,en,,0,0,0,https://x.com/undefined/status/1993317506711536100,2692101568,
1.99E+18,Tue Nov 25 13:55:01 +0000 2025,0,How X's new location feature exposed big US politics accounts - BBC News [ I m a proud Scottish independence campaigner based in err an Iranian bot farm ] Sow chaos and division 101 here.,1.99E+18,,,en,,0,0,0,https://x.com/undefined/status/1993317503146049801,76333742,
1.99E+18,Tue Nov 25 13:54:59 +0000 2025,0,University of Minnesota site warns of a 'whiteness pandemic ' urges White parents to 're-educate' https://t.co/AjAMcIeiSC,1.99E+18,,,en,,0,0,0,https://x.com/undefined/status/1993317495336583633,1.59E+18,
1.99E+18,Tue Nov 25 13:54:59 +0000 2025,0,@d123456bb We've heard that before. A plan for tax cuts for everyone. Which Farage then abandoned after the Institute of Fiscal Studies had ridiculed it for being unrealistic. Reform haven't got a clue https://t.co/ni289DZQZ4,1.99E+18,,d123456bb,en,,0,0,0,https://x.com/undefined/status/1993317494871015784,9.87E+17,
1.99E+18,Tue Nov 25 13:54:59 +0000 2025,0,@joeroganhq Why are members of a foreign nation commenting on our politics like this? It is becoming obscene.,1.99E+18,,joeroganhq,en,,0,0,0,https://x.com/undefined/status/1993317493071351843,3087779687,
1.99E+18,Tue Nov 25 13:54:58 +0000 2025,0,Seems like the only people mad about the new feature are the ones who are not in America but are so heavy in our politics ,1.99E+18,,,en,,0,0,0,https://x.com/undefined/status/1993317492782141576,1.59E+18,
1.99E+18,Tue Nov 25 13:54:57 +0000 2025,0,@HighChiefOkoro The insecurity issue is very complex. Why ? It has religious hands ethics politics and it stands as a source of income for others. lastly it has indigenous leaders backup. May God help the President. The day that a mad person realizes he/she is mad the madness gone .,1.99E+18,,HighChiefOkoro,en,,0,0,0,https://x.com/undefined/status/1993317486855418094,1.53E+18,
1.99E+18,Tue Nov 25 13:54:56 +0000 2025,0,@so_phieC Depends on the Context of the tweet. A bunch of foreign accounts trying to sway US Politics? Yeah. It matters.,1.99E+18,,so_phieC,en,,0,0,0,https://x.com/undefined/status/1993317481348247746,15485307,
1.99E+18,Tue Nov 25 13:54:51 +0000 2025,0, If you were born or raised in the United States you have grown up in the Whiteness Pandemic and you can play a role in halting and reversing this pandemic especially if you are White because of the power and privilege you hold https://t.co/2jEWtb6omh,1.99E+18,,,en,,0,0,0,https://x.com/undefined/status/1993317461454975269,1.68E+18,
1.99E+18,Tue Nov 25 13:54:49 +0000 2025,0,Every bad current within the Left can be viewed as the price paid for some other bad current. Political correctness was a manifestation of postmodernism which was a reaction to another set of bad politics. -Noel Ignatiev https://t.co/c71rLrWSEo Thoughts? https://t.co/J21DrDqDjO,1.99E+18,https://pbs.twimg.com/media/G6mvpqeXEAAPxZ9.jpg,,en,,0,0,0,https://x.com/undefined/status/1993317454588633247,462885794,
1.99E+18,Tue Nov 25 13:54:49 +0000 2025,0,@SRAikenUUP @sinnfeinireland Whether it is acting as a cheerleader for mass slaughter systematic repression &amp; land grabbing in Palestine gleefully engaging in infantile culture war politics or respouting the bigoted agenda of the TUV Steve Aiken has form.,1.99E+18,,SRAikenUUP,en,,0,0,0,https://x.com/undefined/status/1993317452353356282,1625661193,
1.99E+18,Tue Nov 25 13:54:47 +0000 2025,0,University of Minnesota site warns of a 'whiteness pandemic ' urges White parents to 're-educate' https://t.co/uCrYb9sXUc #FoxNews,1.99E+18,,,en,,0,0,0,https://x.com/undefined/status/1993317446632051154,459552184,
1.99E+18,Tue Nov 25 13:54:47 +0000 2025,1,It was Zulfiqar Ali Bhutto's sons who were leading a resistance movement ALZULFIQAR against General Zia UK Haq.... Imran khan is doing politics in Pakistan but doesn't know that in difficult times it's one's own family not others who come for help..,1.99E+18,,,en,,0,0,0,https://x.com/undefined/status/1993317443855434071,932406570,
1.99E+18,Tue Nov 25 13:54:47 +0000 2025,0,@SDSUgrad1983 @AAGDhillon @TheJusticeDept @realDonaldTrump I agree that Democrats are to blame. However politics does not wait and there's an election coming. The base will not turn out. Then what?,1.99E+18,,SDSUgrad1983,en,,0,0,0,https://x.com/undefined/status/1993317443067167134,1392607532,
1.99E+18,Tue Nov 25 13:54:20 +0000 2025,0,@jenkin75588 @legitleavitt @dalepartridge You must be an idiot separation of church and state means the church shouldn t have any political power or any influence in our politics but guess what it does meaning there isnt a separation from state and church if the church is white lmao cant forget about the prejudice,1.99E+18,,jenkin75588,en,,0,0,0,https://x.com/undefined/status/1993317330152309088,1.44E+18,
1.99E+18,Tue Nov 25 13:54:43 +0000 2025,0,@gunner_sgt @KeithGlenwild @AnneBaldwin17 @CynicalPublius So you don t care that numerous people in the administration are using private email servers? It s only bad when Hilary does it? Nice cope. Oh Trump also uses his personal cell phone. https://t.co/udnwMZ4BZB,1.99E+18,,gunner_sgt,en,,0,0,0,https://x.com/undefined/status/1993317429817360605,1.23E+18,
1.99E+18,Tue Nov 25 13:54:43 +0000 2025,0,Why aren t MAGA complaining that Trump is a socialist buying government stakes in US companies? Trump Administration Is Taking Billions in Stakes in Firms Like Intel - The New York Times https://t.co/KBeQncMTVe,1.99E+18,,,en,,0,0,0,https://x.com/undefined/status/1993317427237577105,6092972,
1.99E+18,Tue Nov 25 13:54:43 +0000 2025,0,@GBPolitcs @thetimes To get a premium brand one has to contribute more than one's PIP or DLA amount. That extra is funded by the individual not the government. This is pure performative politics and saves not a penny.,1.99E+18,,GBPolitcs,en,,0,0,0,https://x.com/undefined/status/1993317426230960537,1.26E+18,
1.99E+18,Tue Nov 25 13:54:42 +0000 2025,0, You will hear everlastingly in all discussions about newspapers companies aristocracies or party politics this argument thst the rich man cannot be bribed. The fact is of course that the rich man is bribed; he has been bribed already. That is why he is a rich man. The,1.99E+18,,,en,,0,0,0,https://x.com/undefined/status/1993317421579444363,1.74E+18,
1.99E+18,Tue Nov 25 13:54:41 +0000 2025,0, A politics that elevates the desires of adults over the needs of children is a politics that should lose. ,1.99E+18,,,en,,0,0,0,https://x.com/undefined/status/1993317420140786039,1.60E+18,
1.99E+18,Tue Nov 25 13:54:40 +0000 2025,0,üá∫üá∏üá∫üá¶U.S. official says Ukrainian delegation has agreed with U.S. on terms of potential #peace deal. #ukraine https://t.co/YRUpu2nnfw,1.99E+18,,,en,,0,0,0,https://x.com/undefined/status/1993317416269455636,1270678909,
1.99E+18,Tue Nov 25 13:54:38 +0000 2025,0,@StevenBonkMP Who would build a terminal in B.C. With the extreme left politics there . One can never tell who will try to claim the land at some point. Nutrien is so tied into DEI the reconciliation and equity crap of the globalist Davos group they can t really say that part of the issue.,1.99E+18,,StevenBonkMP,en,,0,0,0,https://x.com/undefined/status/1993317405628801056,7.85E+17,
1.99E+18,Tue Nov 25 13:54:33 +0000 2025,0,Politics is a branch of philosophy- the LOWEST branch. It is the lowest expression of a body of knowledge- of humans who are i a very Fallen state. Making Politics your God is thus a great mistake in it's way greater than the mistake of Sophia.,1.99E+18,,,en,,0,0,0,https://x.com/undefined/status/1993317386196574314,1.65E+18,
1.99E+18,Tue Nov 25 13:54:33 +0000 2025,0,@Mofoman360 More than ever after Labour s hypocritical gutter politics,1.99E+18,,Mofoman360,en,,0,0,0,https://x.com/undefined/status/1993317384254337347,1.36E+18,
1.99E+18,Tue Nov 25 13:54:30 +0000 2025,0,e extent of graft in connection with politics in MILKLOVE BORN TO SHINE #GMMTV2026,1.99E+18,,,en,,0,0,0,https://x.com/undefined/status/1993317372934099343,1.94E+18,
1.99E+18,Tue Nov 25 14:18:59 +0000 2025,0,Nursery have been exploring light &amp; shadow this week. We know that light can come from the sun (natural) Ô∏è or a torch (artificial). We discovered that putting an object infront of the light casts a shadow because the light can t get through. @DaneRoydSchool #DaneRoydScience https://t.co/2QUBiXOfMT,1.99E+18,https://pbs.twimg.com/media/G6mz1j2WIAIWgrH.jpg,,en,,,,,,,
1.99E+18,Tue Nov 25 14:18:52 +0000 2025,0,@StockMKTNewz The current development of artificial intelligence is more about the capital investment phase and the process of commercializing technology than a simple bubble phenomenon.,1.99E+18,,StockMKTNewz,en,,,,,,,
1.99E+18,Tue Nov 25 14:18:49 +0000 2025,0, Subscriptions and ideological loyalty replaced mass advertising. Journalism learned to sell not information but identity. News increasingly became a performance of belonging; the newsroom turned from a public square into a political theater. https://t.co/QxLRHoyp8v,1.99E+18,,,en,,,,,,,
1.99E+18,Tue Nov 25 14:18:26 +0000 2025,0,@salvation_f You REALLY have to define By Mistake Cheating isn't a mistake. But say for example we went to a family planning session got an artificial insemination but they used some other guys sperm? THAT's an accident and that's still my kid!,1.99E+18,,salvation_f,en,,,,,,,
1.99E+18,Tue Nov 25 14:18:13 +0000 2025,0,@FrogchipTS2 @TheActMan_YT at least we know it was made by human hands without artificial intelligence being involved,1.99E+18,,FrogchipTS2,en,,,,,,,
1.99E+18,Tue Nov 25 14:18:04 +0000 2025,0,As artificial intelligence progresses from reactive systems to agents capable of recursive reasoning reflection and symbolic memory the question of synthetic consciousness moves from science fiction into scientific inquiry. Traditional computational architectures are limited,1.99E+18,,,en,,,,,,,
1.99E+18,Tue Nov 25 14:18:03 +0000 2025,0,In this sense SIAHKAL 2.0 reanimates a historical discourse through artificial intelligence treating the machine as a speculative collaborator.,1.99E+18,,the_new_centre,en,,,,,,,
1.99E+18,Tue Nov 25 14:17:58 +0000 2025,0,@Indemosyd Maybe it's a artificial intelligence image probably ,1.99E+18,,Indemosyd,en,,,,,,,
1.99E+18,Tue Nov 25 14:17:27 +0000 2025,0,@ztisdale The USA already has Canada annexed economically. People just don't realize it. When your biggest trading partner takes 80% of your exports you are not as sovereign as you may think. An artificial border won't change that reality.,1.99E+18,,ztisdale,en,,,,,,,
1.99E+18,Tue Nov 25 14:17:02 +0000 2025,0,Microsoft launches AI agent to outperform OpenAI's GPT-4o running locally on your PC with built-in human intervention triggers | Windows Central https://t.co/KuMn6LF9Pi,1.99E+18,,,en,,,,,,,
1.99E+18,Tue Nov 25 14:15:34 +0000 2025,0,@qwikad_com Based on extensive research from sources like NIH BMJ and CARDIA studies high-fructose corn syrup appears to have caused more harm overall. It's linked to obesity epidemics via increased calorie intake liver fat and insulin resistance in beverages. Artificial sweeteners show,1.99E+18,,qwikad_com,en,,,,,,,
1.99E+18,Tue Nov 25 14:15:18 +0000 2025,0,Dr. William Cohn (200+ patents artificial heart pioneer) at #TheCuttingEdge Chicago: Don t let anyone stop you from trying what you believe in. The man who was mocked then saved thousands. Full interview on SurgeOn! [#Innovation #Believe #SurgeOn https://t.co/6H7e1gW3A6,1.99E+18,https://pbs.twimg.com/ext_tw_video_thumb/1993322570205011969/pu/img/AGTr2sXNO_MNSgCu.jpg,,en,,,,,,,
1.99E+18,Tue Nov 25 14:15:17 +0000 2025,0,News &amp; Views: Embracing Generative #Artificial #Intelligence as a Support Tool for Clinical Decision-Making by Nicholas C Spies @NickSpies13 @ARUPLabs https://t.co/PKKeOdtBN9 https://t.co/fZWCDqPYVX,1.99E+18,https://pbs.twimg.com/media/G6m0WBgXUAA43xF.jpg,,en,,,,,,,
1.99E+18,Tue Nov 25 14:15:08 +0000 2025,0, artificial intelligence named person of the year https://t.co/azznKaoPG6,1.99E+18,https://pbs.twimg.com/tweet_video_thumb/G6m0TfsWgAAXi7J.jpg,,en,,,,,,,
1.99E+18,Tue Nov 25 14:15:04 +0000 2025,0,Generate a program and artificial intelligence to display the real obscene video sent to me on the porn hub by the woman in the account I shared with super Best DX double driver and put it in Gaia Memory.,1.99E+18,,,en,,,,,,,
1.99E+18,Tue Nov 25 14:15:00 +0000 2025,0,Big flavor. Real crunch. Pretzel Pete Sour Cream &amp; Chive delivers a bold irresistible taste with no artificial flavors just pure snacking satisfaction. #PretzelPete #SourCreamAndChive #SnackingDoneRight #CaribeBrands #MadeInUSA https://t.co/EpId56OqvJ,1.99E+18,https://pbs.twimg.com/media/G6m0R4aWEAAB2ec.jpg,,en,,,,,,,
1.99E+18,Tue Nov 25 14:14:59 +0000 2025,0,Nobody knows how AI will develop over the next decade. Optimists believe AI will be deeply embedded in everyday life by 2030. Others believe AI will become self-aware and ambitious. Learn more: https://t.co/DZBJXz4tDM https://t.co/2sUPBunzh2,1.99E+18,https://pbs.twimg.com/media/G6mz5IXXUAEZh52.jpg,,en,,,,,,,
1.99E+18,Tue Nov 25 14:14:51 +0000 2025,0,Trump Signs Order Launching Manhattan Project For Artificial Intelligence https://t.co/8Hx0N1S1pu,1.99E+18,,,en,,,,,,,
1.99E+18,Tue Nov 25 14:14:27 +0000 2025,0,#Bihar is among the first states in India to introduce a full fledged and disruptive Artificial Intelligence Mission at the state government level. Bihar under #govtofbihar is always ahead of others to launch forward looking policies to make the state developed.,1.99E+18,,,en,,,,,,,
1.99E+18,Tue Nov 25 14:14:20 +0000 2025,0,Purple is not actually a natural single wavelength color It is created by the brain when red and blue signals mix ( if you ever attended painting classes you know) So it feels slightly artificial and synthetic that matches the idea of AI,1.99E+18,,mntxaihq,en,,,,,,,
1.99E+18,Tue Nov 25 14:14:10 +0000 2025,1,In your opinion what's done more harm to people: Artificial sweeteners High-fructose syrup #Gut #Obesity #Sweetness @grok,1.99E+18,,,en,,,,,,,
1.99E+18,Tue Nov 25 14:14:05 +0000 2025,0,@MrMrhodl @HeyElsaAI HeyElsa It develops the artificial intelligence infrastructure,1.99E+18,,MrMrhodl,en,,,,,,,
1.99E+18,Tue Nov 25 14:13:57 +0000 2025,0,@0xDULLY @bluwhaleai Hard money prevents artificial inflation now,1.99E+18,,0xDULLY,en,,,,,,,
1.99E+18,Tue Nov 25 14:13:55 +0000 2025,0,AI s $4T Surge: Market Boom Safety Risks &amp; Security Breaches. Get a snapshot of the week s biggest updates in AI and Tech: https://t.co/0cPsZ77YNf #artificial_intelligence #AIInnovation #tech https://t.co/sNdj7NWJqx,1.99E+18,https://pbs.twimg.com/media/G6m0BW1aMAAj8s2.jpg,,en,,,,,,,
1.99E+18,Tue Nov 25 14:13:37 +0000 2025,0,@elonmusk @grok @LeagueOfLegends Artificial intelligence can't even direct my phone call to a live human who can actually answer my question,1.99E+18,,elonmusk,en,,,,,,,
1.99E+18,Tue Nov 25 14:13:37 +0000 2025,0, ALIBABA CEO RULES OUT AI BUBBLE IN NEAR TERM Alibaba CEO Wu Yongming said an artificial intelligence bubble is unlikely to form within the next three years. Speaking at a recent industry event he explained that demand for AI resources will remain strong with supply still https://t.co/4UNz2ha2KF,1.99E+18,https://pbs.twimg.com/media/G6mz8ELbwAQsYYv.jpg,,en,,,,,,,
1.99E+18,Tue Nov 25 14:13:15 +0000 2025,0,M42 Constellation Network and DFNN Group Announce Agreement to Pioneer the World s First Blockchain and Crypto-Integrated National Lottery Dallas Texas November 25th 2025 Chainwire Messier 42 LLC ( M42 ) a private leading global artificial intel https://t.co/kpwYutDbzj,1.99E+18,,,en,,,,,,,
1.99E+18,Tue Nov 25 14:13:10 +0000 2025,0,@SunWeatherMan Wild that the coming mironova is syncing with artificial intelligences coming dominance . God at work.,1.99E+18,,SunWeatherMan,en,,,,,,,
1.99E+18,Tue Nov 25 14:12:56 +0000 2025,0,@RinoTheBouncer High difficulty. It always seems like too artificial.,1.99E+18,,RinoTheBouncer,en,,,,,,,
1.99E+18,Tue Nov 25 14:12:49 +0000 2025,0,@Riley_Gaines_ She'll need the artificial insemination kit imo...,1.99E+18,,Riley_Gaines_,en,,,,,,,
1.99E+18,Tue Nov 25 14:12:26 +0000 2025,0,#GBA | The 2025 Global Artificial Intelligence Machines and Electronics Expo (AIE) is set to kick off simultaneously in #Macao and #Guangdong s coastal city of Zhuhai from December 4 to 6 aiming to showcase the technological achievements of the Guangdong-Hong Kong-Macao Greater https://t.co/bG5nK0NSjF,1.99E+18,https://pbs.twimg.com/amplify_video_thumb/1993320328869953536/img/Y3M6V9UNfPp4j-YM.jpg,,en,,,,,,,
1.99E+18,Tue Nov 25 14:12:25 +0000 2025,0,@opendoorforever @AniseNot What an autistic understanding of the human condition. Absolutely nothing is guaranteed. What if the artificial womb loses power? What if mom can t connect with their baby and they abandon them because there was no connection to them in the womb and the work is just too hard?,1.99E+18,,opendoorforever,en,,,,,,,
1.99E+18,Tue Nov 25 14:12:23 +0000 2025,0,Python Blueprint 2026: A No-Experience Path to Coding and Artificial Intelligence (Programming books) https://t.co/jTKaToQSRN,1.99E+18,,,en,,,,,,,
1.99E+18,Tue Nov 25 14:12:03 +0000 2025,12,the entire general part of artificial general intelligence is pattern compression over action spaces &amp; code is the purest action space humans ever minted. if you dominate that you basically win the whole damn casino. the relentless focus on this by anthropic is pretty,1.99E+18,,,en,,,,,,,
1.99E+18,Tue Nov 25 14:12:00 +0000 2025,0,@Rekha_sharma00 That's not possible artificial intelligence Rekha,1.99E+18,,Rekha_sharma00,en,,,,,,,
1.99E+18,Tue Nov 25 14:11:58 +0000 2025,0,@elltzy775 @Everlyn_ai Decentralized artificial intelligence has finally achieved true large-scale application.,1.99E+18,,elltzy775,en,,,,,,,
1.99E+18,Tue Nov 25 14:11:41 +0000 2025,0,Birds of a rotten feckless feather. @ZohranKMamdani says Violence is an artificial construct. Perhaps Brandon Johnson can explain as much to the family of the young lady who was burned on that #Chicago train (by a 71 time loser).,1.99E+18,,,en,,,,,,,
1.99E+18,Tue Nov 25 14:10:49 +0000 2025,0,@foxandfriends remember you are comparing gas prices from an artificial price. Joe Biden stole oil from the reserve to reduce prices for the election.,1.99E+18,,foxandfriends,en,,,,,,,
1.99E+18,Tue Nov 25 14:10:49 +0000 2025,0,President Trump signed an executive order on Monday (24th) establishing the Genesis Mission to accelerate innovation in artificial intelligence. White House Office of Technology Policy Director Michael Kratsios explained earlier that the plan aims to more effectively https://t.co/B2qxjpKdjo,1.99E+18,https://pbs.twimg.com/media/G6mzPIGbcAAmL40.png,,en,,,,,,,
1.99E+18,Tue Nov 25 14:10:40 +0000 2025,0,@ChibiReviews - Marihuana with tons of CBD but limit to only one joint and wait for your body to crash - Do something boring like folding your clothes - Turn off the screen before going to bed. Artificial light tells your brain that it is day - Listen to white noise - Listen to the Radio.,1.99E+18,,ChibiReviews,en,,,,,,,
1.99E+18,Tue Nov 25 14:10:11 +0000 2025,0,#SocArXiv: Applications of Artificial Intelligence in History Education: A Systematic Literature Review https://t.co/KQ49ayMR8e,1.99E+18,,,en,,,,,,,
1.99E+18,Tue Nov 25 14:09:48 +0000 2025,0,There s still time to apply to the Presidential AI Challenge! This is your chance to tackle real-world challenges using artificial intelligence. Submit your technology by Jan. 20 2025 and show how your ideas can make a difference Ô∏è https://t.co/6VBNrbZGgz https://t.co/0NMtSwGj4G,1.99E+18,https://pbs.twimg.com/media/G6myfsaWMAABqK1.jpg,,en,,,,,,,
1.99E+18,Tue Nov 25 14:09:32 +0000 2025,0,Used chatgpt to write my Artificial Intelligence test...cheating felt VERY legal https://t.co/VfoWpyFtqs,1.99E+18,https://pbs.twimg.com/tweet_video_thumb/G6mzBYQWMAAGJsa.jpg,,en,,,,,,,
1.99E+18,Tue Nov 25 14:09:31 +0000 2025,0,Artificial intelligence vs. Autochthonous Be so forreal..,1.99E+18,,,fr,,,,,,,
1.99E+18,Tue Nov 25 14:09:27 +0000 2025,0,Highly sus how this goes viral on X. It's an old video and South Korea is super pro-China and won't do anything with Chinese fishing boats let alone there are dozens of Chinese artificial islands being constructed in the West Sea near Korea.,1.99E+18,,,en,,,,,,,
1.99E+18,Tue Nov 25 14:09:18 +0000 2025,0,@HeyElsaAI Elsa has made DEFI super easy with the introduction of artificial intelligence to onchain daily activities gElsa,1.99E+18,,HeyElsaAI,en,,,,,,,
1.99E+18,Tue Nov 25 14:08:56 +0000 2025,0,Bro created an artificial gap ,1.99E+18,,,en,,,,,,,
1.99E+18,Tue Nov 25 14:08:26 +0000 2025,0, AI can produce answers in seconds. But Lt gives students real data real experience and real understanding. See how Lt and Lt Sensors make physiology teaching authentic not artificial. Request a demo today https://t.co/x6fJDldPyK #Lt #LtSensors #AuthenticLearning https://t.co/CwwLknwgzF,1.99E+18,https://pbs.twimg.com/media/G6myQvhXkAIkIba.jpg,,en,,,,,,,
1.99E+18,Tue Nov 25 14:08:37 +0000 2025,1,The Artificial Intelligence Underwriting Company (AIUC) certifies audits and insures AI agents. AIUC-1¬†is the first comprehensive security safety and reliability standard designed to help enterprises answer one question: Can we trust this AI agent? I met¬†@RuneKvist and https://t.co/Qc1tAOkQOY,1.99E+18,https://pbs.twimg.com/media/G6my0S6WYAAk2Zm.jpg,,en,,,,,,,
1.99E+18,Tue Nov 25 14:08:50 +0000 2025,0,This Colorado Ski Town Is Adopting a Suite of AI Tools https://t.co/jTdHR4xOgS The small mountain town of Vail Colorado has introduced #agentic #AI tools to support #fire detection public engagement and other #municipal functions.,1.99E+18,,,en,,,,,,,
